ID	OLM	CHRM3	SNX25	PFKFB2	TMEM170B	NUDT3	SLF1	ADRB1	CCM2	LOC102724488	H1-1	TMEM147-AS1	RIOK2	ACIN1	PTTG1	SF3B3	LINC00632	CYP21A2	NOS1	PID1	DKC1	G2E3	TRAIP	LOC105378964	ZNF670-ZNF695	GPI	SAA2	MORF4L2	LYRM4	FRAS1	NEDD8-MDP1	PFKP	CGNL1	UTP4	SFXN1	NTPCR	SPDL1	PRRT1B	PSME2	H3C1	LHFPL2	TRMT61B	MPHOSPH9	LINC00472	LOC105375784	SYN2	SLC28A1	WDR11-AS1	PLOD2	ERCC6L	FANCB	NPNT	TXNL4B	HMMR	RHOBTB2	GLRX3	ATG4A	SHANK2	TBK1	DUOX1	TSPAN33	LINC02100	KCNH5	PNP	ALDH1B1	GRAMD2A	PRKCZ	CENPN	CLIC5	HSD17B13	CPEB2	SYT12	CA9	FGF11	SPATA1	AQP3	SASH1	RAPGEF2	MTHFD1	POLA2	H2AC16	GALNT6	XPOT	ORC6	METTL3	POLQ	ESAM-AS1	MRPL20-DT	MIR663AHG	LOC101930496	FANCA	PLAT	EXOSC10	PGP	CLEC12B	ZNF641	CD302	TNFSF15	ABCB9	EIF4E2	TACC2	PPFIA4	EVI5	GARS1	CHCHD2	KHDRBS2	CCNB1	PABPN1	FANCG	LPAR2	MTHFD2	INTS13	PSAT1	LOC107986293	LOC101928819	LOC105376341	LOC105377785	ZNF648	RPS6KA2	IRAK1BP1	FAM220A	UHRF1	HPSE2	SERINC5	CENPK	NOP9	MTARC2	MRPL52	RNF144A	PDCD2L	TOPBP1	PML	UCN	H2BC9	RASSF9	MCM5	ABHD2	KNTC1	SIK2	NOC2L	AMIGO1	GINS1	FAM83D	KIAA2013	EMC3-AS1	LINC01508	LOC105377918	LOC105378807	LOC107986230	LOC107985156	LOC101927661	LOC105375079	LOC101927439	GDA	ADORA3	PUS1	BUB3	BCL2L15	MIX23	SC5D	METTL17	H4C15	CENPA	PNPLA7	MAPKBP1	HAUS4	AMOTL2	VOPP1	AUNIP	DAPK1	CENPI	MAN2A2	SHCBP1	ADGRD1	DHODH	AP5Z1	TMIE	RFWD3	FHDC1	NPTX2	TRPC6	ZNF516	CIP2A	CENPH	KIF18A	ZNF93	ANKRD45	PRR7-AS1	LINC01836	FKBP14-AS1	KIRREL2	LOC105375539
1	0	93.2195470436435	1763.21362761818	525.212569928821	676.410127938633	4301.74104894082	459.276792751609	147.787086776508	379.699130641182	160.292147965289	18.1891799109548	49.1027269407385	336.499828352664	2566.9480149335	181.891799109548	2647.66250078836	10.2297347793205	18.1891799109548	31.831064844171	900.364405592264	708.241192782804	829.881333437314	21.5996511442589	4.09189391172821	3.06892043379616	2466.90752542325	2.27364748886935	4277.86775030769	47.7465972662564	406.982900507614	52.2938922439951	131.871554354423	8371.57005401696	924.237704225392	1174.33892800102	447.908555307263	243.280281309021	197.807331531634	416.077490463092	286.479583597539	852.617808326008	264.87993245328	632.07400190568	879.757191021565	57.2865147641949	14.7787086776508	0	6.13784086759231	944.700531625217	12.5050611887814	35.241536077475	2693.13545056575	176.207680387375	70.48307215495	7200.64159724924	1022.00454624677	255.785342497802	1401.70367688796	942.426884136347	1557.44852987551	71.6198958993846	102.297347793205	0	518.391627462213	413.803842974222	824.197214715141	658.220948027678	170.523561665202	3062.60316750702	54.5675397328645	1757.52950889601	115.956021932337	20.4628273998242	100.040489510252	25.0101223775629	15517.6441115333	1991.71520024955	3252.45273282761	647.989534327766	275.111346153192	11.3682374443468	568.411872217338	2122.44993085954	31.831064844171	484.286915129172	90.9458995547741	51.1486738966026	95.1365334476809	23.5283899924372	3.06892043379616	184.165446598418	444.498084073959	1547.2171161756	239.869810075717	10.2314136999121	1076.57208597964	5349.89254130959	1349.40978464396	100.040489510252	858.301927048181	1950.78954544991	29.5574173553016	2158.82829068145	1978.07331531634	1180.02304672319	86.3986045770354	152.334381754247	563.8645772396	148.923910520943	196.670507787199	511.570684995605	474.05550142926	493.38150508465	35.8040717276218	330.420433372053	22.7364748886935	8.18378782345642	0	3355.90369357117	491.10785759578	215.996511442589	70.48307215495	48.8834210106911	691.188836616284	52.2938922439951	1054.97243483538	604.790232039248	154.608029243116	95.4931945325129	26.1469461219976	1207.30681658963	519.528451206647	23.8732986331282	46.6097735218218	286.479583597539	507.023390017866	8954.76063491195	1076.57208597964	2737.4715765987	686.641541638545	575.232814683946	73.893543388254	26.1469461219976	1257.32706134475	135.032499087031	20.459469558641	3.06892043379616	3.06892043379616	3.06892043379616	7.16081434552437	1.02297347793205	3.06892043379616	2.0459469558641	0	88.6722520659048	118.229669421206	698.009779082892	37.5151835663443	133.008378098857	5793.25380163911	377.425483152313	1.13682374443468	4.54729497773871	158.01850047642	537.717631117602	278.521817386496	1806.4129299067	443.361260329524	12.5050611887814	2684.04086061027	62.5253059439072	1153.8761006012	35.241536077475	1400.56685314352	118.229669421206	408.119724252049	18.1891799109548	721.88307771602	464.960911473783	9.09458995547742	696.872955338457	1072.0247910019	172.797209154071	27.2837698664322	122.776964398945	109.135079465729	241.006633820152	23.5283899924372	32.7351512938257	16.3675756469128	3.41047123330403	0
2	0	208.321193359018	1523.24456584114	419.97552581178	676.627236030089	4193.92226470374	457.473340616403	136.658702843516	442.474214694553	95.8277489451481	12.4992716015411	69.0655340559076	252.485286351129	3038.15628394791	218.32061064025	3496.46290933775	3.25014277910154	18.3322650155936	59.9965036873971	201.654915171529	650.795408053571	994.942019482668	38.3310995780593	5.68774986342769	4.06267847387692	2752.33960665934	8.33284773436071	4745.55678471842	47.497232085856	294.149525022933	119.993007374794	824.118640928274	3969.76866064944	781.621117483034	931.612376701527	289.149816382316	163.32381559347	328.314200733812	1060.77151658412	172.489948101267	1976.55148259036	235.819590882408	724.124468115945	1654.32267456268	11.3754997268554	12.4992716015411	0.833284773436071	5.68774986342769	1450.7487905522	38.3310995780593	52.4969407264725	1023.27370177949	228.320027921483	131.658994202899	1842.39263406715	730.790746303434	399.143406475878	1709.06707031738	1174.93153054486	1706.56721599707	124.159431241975	79.6284980879877	0.833284773436071	1698.23436826271	327.480915960376	459.139910163275	516.636559530364	234.986306108972	2470.68935323795	27.4983975233903	1916.55497890296	14.1658411484132	0	52.4969407264725	19.1655497890296	7803.7119032288	1508.24543991929	2483.18862483949	1167.43196758393	341.646757108789	55.8300798202167	1381.58615435701	2832.3349449092	47.497232085856	718.291474701893	144.991550577876	108.879783099901	91.8165335096184	34.1264991805661	0	368.311869858743	361.645591671255	1680.73538802055	301.649087983858	17.4989802421575	893.281277123468	3000.65846914329	583.299341405249	167.49023946065	1078.27049682628	1594.0737715832	29.9982518436985	1399.08513459916	1894.05629002019	2373.19503474593	60.8297884608332	259.984849312054	1205.76306716199	138.325272390388	297.482664116677	1116.60159640433	629.130003944233	93.3278946248399	35.7515705701169	209.634209252049	4.16642386718035	14.6256425059569	1.66656954687214	1657.40341436434	364.145445991563	459.139910163275	146.658120124748	16.6656954687214	965.777052412406	84.1617621170431	1330.7557831774	801.6199520455	250.818716804257	149.157974445057	108.327020546689	1415.75083006788	766.621991561185	13.3325563749771	82.495192570171	817.452362740785	836.617912529815	10111.9107256467	1352.42118728674	2386.52759112091	631.629858264542	399.143406475878	126.659285562283	90.8280403045317	1152.43284166209	112.942461573778	25.1886065380369	5.68774986342769	1.62507138955077	1.62507138955077	2.43760708432615	0.812535694775384	1.62507138955077	0	4.16642386718035	250.818716804257	154.157683085673	899.11427053752	507.470427022567	152.491113538801	2993.15890618237	712.45848128784	1.66656954687214	11.665986828105	193.322067437168	493.304585874154	686.626653311322	1594.90705635664	1141.60013960742	9.16613250779678	4053.93042276648	79.1620534764267	1511.57857901303	72.4957752889381	720.791329022201	149.991259218493	546.634811374062	9.16613250779678	1136.6004309668	429.141658319576	5.83299341405249	423.308664905524	532.468970225649	154.157683085673	32.4981061640068	130.825709429463	220.820464960559	58.3299341405249	10.56296403208	40.6267847387692	21.9384637589354	4.99970864061642	3.25014277910154
3	0	379.933267070177	2156.52262858143	234.38136757287	491.237660803412	4066.89130948359	585.418301654611	277.19074977796	596.120647205883	61.0033696422538	40.6689130948359	48.4287631674157	361.739279633014	2728.02788101938	134.849553946035	4307.69408438722	12.6335903914997	9.63211099614533	33.177271208945	409.89983461374	754.515361364718	637.859794855847	31.0368020986905	16.8447871886663	0	3193.57991249974	22.4749256576724	6155.989161092	36.3879748743268	617.525338308429	110.234159178108	659.264485958392	1672.77660966391	802.675916345445	1100.20112267082	287.893095329233	239.732540348506	636.789560300719	939.665939401734	266.488404226688	1334.58249024369	252.575355010033	687.090584391701	329.526149378285	33.6895743773326	1.07023455512726	2.14046911025452	7.36959439504151	727.759497486536	49.2307895358539	36.3879748743268	5702.20970971804	192.642219922907	63.1438387525083	2952.77713759611	825.150842003117	454.849685929085	3243.88093659072	818.729434672353	352.107168636868	233.311133017743	112.649514324206	3.21070366538178	604.682523646902	378.86303251505	629.297918414828	601.47181998152	227.959960242106	3350.90439210345	115.585331953744	2037.7265929623	133.779319390907	13.9130492166544	63.1438387525083	19.2642219922907	4740.06884465863	1174.0473069746	3301.6736025676	841.204360330026	253.64558956516	29.9665675435633	196.923158143416	2139.39887569939	21.4046911025452	612.174165532792	111.304393733235	33.6895743773326	68.4319479539569	144.233490302955	2.10559839858329	390.63561262145	469.832969700867	1434.11430387053	318.929897427923	18.1939874371634	1030.63587658755	5064.34991486219	4122.5435063502	88.8294680755625	600.401585426393	2267.82702231466	14.9832837717816	2395.18493437481	2225.01764010957	1642.81004212034	346.755995861232	230.100429352361	1073.44525879264	123.076973839635	298.595440880505	484.816253472648	470.903204255994	46.0200858704722	58.9567551603321	640.10191316932	2.14046911025452	12.6335903914997	0	2439.06455113502	171.237528820361	565.083845107193	140.200726721671	53.511727756363	795.184274459554	71.7057151935264	1449.09758764231	355.31787230225	141.270961276798	148.762603162689	58.8629005319993	1321.73967558217	405.618896393231	13.9130492166544	266.488404226688	387.424908956068	667.82636239941	15338.6016440839	834.782952999262	2652.04122760535	515.853055571339	440.936636712431	161.605417824216	78.1271225242899	893.645853531262	135.811096708622	13.6863895907914	5.26399599645822	0	9.4751927936248	2.10559839858329	1.05279919929164	2.10559839858329	0	2.14046911025452	373.511859739414	88.8294680755625	691.37152261221	276.120515222833	132.70908483578	3651.64030209421	402.408192727849	2.14046911025452	8.56187644101808	96.3211099614533	485.886488027776	433.44499482654	2035.58612385205	1130.16769021439	12.8428146615271	4330.16901004489	82.408060744799	1362.408588677	61.0033696422538	1275.71958971169	206.555269139561	420.602180165013	18.1939874371634	774.849817912136	1192.24129441177	19.2642219922907	501.940006354685	864.749520542826	146.622134052435	62.073604197381	193.712454478034	169.097059710107	334.983415754832	4.21119679716658	40.0063695730825	17.897586387958	2.14046911025452	5.26399599645822
4	0	40.5365045712989	5504.27822785994	392.335454957929	644.240876222429	4476.38829051629	448.797014896523	707.941097691613	295.337390448035	98.4457968160116	7.23866153058909	30.1608071462739	308.366981203095	1915.34984099387	188.205199795316	3167.63828578578	9.59662045563259	14.4773230611782	34.7455753468276	825.207414487156	716.62749152832	603.70437165113	33.2978430407098	6.85472889688042	0	3156.05642733684	13.0295907550604	4673.27988414831	43.4319691835345	427.081030304756	89.7594029793047	515.392700977943	3638.15128527408	618.181694712308	1006.17395275188	476.303928712762	247.562224346147	263.487279713443	443.006085672052	134.639104468957	1066.97870960883	208.473452080966	664.509128508078	871.92151568319	32.902698705026	5.79092922447127	5.79092922447127	15.0804035731369	888.90763595634	14.4773230611782	37.6410399590633	3268.97954721403	99.8935291221294	49.2228984080058	3280.56140566297	563.167867079831	402.469581100753	2265.70105907438	1052.50138654765	6326.59017773486	36.1933076529454	21.9351324700173	34.7455753468276	564.615599385949	301.128319672506	1159.63357720037	639.897679304075	205.57798746873	4619.71378882196	231.637168978851	2110.79370231978	7.23866153058909	2.89546461223564	15.925055367296	20.2682522856494	10087.798709029	1958.78181017741	2940.34431372529	609.495300875601	185.309735183081	13.0295907550604	327.187501182627	3295.03872872415	15.925055367296	438.662888753699	62.2524891630662	79.5148552038129	49.354048057539	43.8702649400347	5.48378311750434	249.009956652265	544.347347100299	1620.01245054584	311.262445815331	18.8205199795316	1055.39685115989	7195.22956140555	1407.19580154652	57.9092922447127	1363.76383236298	2359.80365897204	31.850110734592	1533.14851217877	1879.15653334093	993.144361996823	179.518805958609	173.727876734138	479.199393324998	66.5956860814196	157.802821366842	487.885787161704	370.619470366161	85.4162060609512	31.5317529256499	319.430366594628	43.4319691835345	17.8222951318891	0	5676.55837228796	337.321627325451	324.292036570391	31.850110734592	157.802821366842	1617.1169859336	56.4615599385949	722.418420752791	1230.57246020014	104.236726040483	108.579922958836	34.7455753468276	1185.69275871049	306.919248896977	7.23866153058909	23.1637168978851	512.497236365707	458.931141039348	16308.7044284172	732.552546895616	2285.96931136003	732.552546895616	227.293972060497	31.850110734592	76.7298122242443	678.986451569256	196.04524645078	19.1932409112652	5.48378311750434	1.37094577937608	2.74189155875217	1.37094577937608	2.74189155875217	6.85472889688042	0	7.23866153058909	120.161781407779	62.2524891630662	762.95492532409	127.400442938368	154.907356754606	3877.02711578352	359.037611917219	2.89546461223564	8.68639383670691	124.504978326132	693.463774630435	357.589879611101	1863.23147797363	670.300057732549	8.68639383670691	5730.12446761432	18.8205199795316	1397.06167540369	47.775166101888	1483.92561377076	131.743639856721	198.339325938141	17.3727876734138	590.674780896069	833.893808323863	24.6114492040029	319.948839652038	1095.93335573119	133.191372162839	41.9842368774167	94.1025998976581	193.996129019788	207.025719774848	21.9351324700173	42.4993191606586	20.5641866906413	0	1.37094577937608
5	0	46.9387411284382	2015.36977866358	351.541210153409	750.021161435257	6308.76654698604	414.459097197911	441.42390593127	527.311815230114	135.822740286544	12.983056056802	53.2392195024241	341.554243955869	1959.44276795735	114.85011127171	2997.08855588176	1.93597161826997	2.99608985926201	41.9452580296681	814.936441719267	690.099364250016	666.13064537592	30.9595952123741	15.4877729461597	0	3240.77053110174	1.99739323950801	4854.66426862421	63.9165836642562	718.062869603128	37.9504715506521	310.594648743495	3323.66235054132	618.193207627728	642.161926501824	409.465614099141	208.727593528587	217.715863106373	500.347006496756	203.734110429817	2295.0048321947	275.640267052105	711.07199326485	591.439329381475	26.1356168466446	4.99348309877002	0.998696619754003	0.967985809134984	496.35222001774	64.9152802840102	58.9231005654862	2326.96312402683	120.842290990234	165.783638879165	3605.29479731195	714.068083124112	499.348309877002	971.731811020645	860.876486227951	1381.19742511979	151.801886202609	24.1996452283746	14.9804492963101	465.392624805366	291.619412968169	535.301388188146	611.20233128945	230.698919163175	6584.40681403815	73.9035498617963	1763.69823048557	12.983056056802	4.99348309877002	33.9556850716361	25.9661121136041	7384.3628064611	2173.16384458471	3090.96603813864	781.979453267385	180.764088175475	45.9400445086842	249.674154938501	3419.53722603771	34.9543816913901	389.491681704061	130.829257187774	37.7514465562644	53.2392195024241	14.5197871370248	4.83992904567492	319.582918321281	359.530783111441	1627.87549019903	321.580311560789	22.9700222543421	907.815227356389	6264.82389571686	1559.96412005575	44.9413478889302	1073.59886623555	1686.79859076451	19.9739323950801	2065.30460965128	2262.04784374282	1263.35122398881	124.83707746925	259.661121136041	500.347006496756	85.8879092988443	220.711952965635	583.238825936338	500.347006496756	424.446063395451	64.8550492120439	693.077839340648	16.9778425358181	21.2956878009696	0	3914.89074943569	223.708042824897	379.504715506521	101.867055214908	67.9113701432722	1317.28084145553	87.8853025383523	686.104577771	548.284444244948	89.8826957778603	145.809706484085	58.9231005654862	1117.54151750473	345.549030434885	16.9778425358181	32.9569884518821	459.400445086842	615.197117768466	12343.8902201595	1229.39553891718	2153.18991218963	651.15019607961	302.605075785463	121.840987609988	124.83707746925	792.965116084679	140.357942324573	30.9755458923195	4.83992904567492	6.77590066394488	5.8079148548099	4.83992904567492	2.90395742740495	3.87194323653993	0	0	414.459097197911	63.9165836642562	685.105881151246	399.478647901601	162.787549019903	2913.19803982243	322.579008180543	0.998696619754003	8.98826957778603	169.778425358181	661.13716227715	516.32615241282	1706.77252315959	968.735721161383	12.983056056802	6035.12367317344	85.8879092988443	1276.33428004562	96.8735721161383	1070.60277637629	120.842290990234	312.592041983003	7.98957295803203	806.946868761235	877.854328763769	26.9648087333581	424.446063395451	753.017251294519	170.777121977935	43.9426512691762	176.769301696459	319.582918321281	270.646783953335	5.8079148548099	49.3672762658842	20.3277019918347	1.99739323950801	2.90395742740495
6	0	109.167674769912	1524.64684763403	314.550927303137	687.386291135973	5164.18610648856	483.85333817512	78.6377318257843	421.868302500678	61.059885888256	27.7544935855709	53.3557043136854	362.658716184793	2635.75174084305	402.440156990779	3464.68594926544	5.13035618400821	4.62574893092849	53.6586875987705	264.59283884911	604.122810379261	840.961155642799	32.3802425164994	9.23464113121478	1.02607123680164	4922.7220122941	3.70059914474279	5750.7310709303	49.9580884540277	351.556918750565	125.820370921255	1385.87437970618	1929.86245398337	766.024022961758	893.694693455384	345.080870247265	234.062895904982	177.628758947654	939.027032978483	437.595848865835	2462.74873082633	222.961098470753	624.476105675346	695.676298551514	25.6517809200411	8.32634807567128	2.77544935855709	7.1824986576115	1061.146804755	29.6047931579423	93.4401284047555	727.167731941958	173.003010016725	274.769486497152	2632.05114169831	1678.22171214086	465.350342451406	1053.74560646551	597.646761875961	812.281512271043	239.613794622096	75.9292715233216	4.62574893092849	1161.98813144924	733.643780445258	312.700627730766	369.134764688093	408.916205494078	2640.37748977398	11.1017974342284	2521.03316735603	247.014992911581	9.25149786185698	36.0808416612422	2.77544935855709	8460.49479466821	1840.12292472335	2610.77269661604	956.604878916011	227.586847401682	78.6377318257843	506.056933043577	2163.92534988835	54.5838373849562	487.553937319863	157.275463651569	10.2607123680164	98.5028387329577	1.02607123680164	1.02607123680164	360.808416612422	746.595877451858	1619.93727561116	455.173694803363	26.8293437993852	1070.39830261685	3635.83865970979	2090.83851677968	106.392225411355	1092.60189748531	2707.91342416554	86.0389301152699	1804.04208306211	1382.17378056143	2033.47923003616	60.1347361020703	583.769515083175	835.410256925685	165.60181172724	169.302410871983	1302.61089894946	617.07490738586	300.673680510352	14.364997315223	271.908877752435	3.70059914474279	14.364997315223	0	4186.30278249028	163.751512154868	476.452139885634	195.206604885182	18.502995723714	1224.89831690986	94.3652781909412	1105.55399449191	346.931169819637	204.458102747039	132.296419424555	49.9580884540277	1133.30848807748	419.092853142121	7.40119828948558	274.769486497152	246.089843125396	1133.30848807748	9907.42906026264	837.260556498056	2410.94034279993	674.434194129374	210.009001464153	170.227560658168	155.425164079197	1254.50311006781	137.49354573142	6.15642742080986	9.23464113121478	1.02607123680164	2.05214247360329	6.15642742080986	2.05214247360329	0	0	0.925149786185698	188.730556381882	91.5898288323841	939.952182764669	642.97910139906	178.55390873384	7030.21322522512	391.33835955655	6.47604850329988	30.529942944128	174.853309589097	580.068915938432	727.167731941958	1696.72470786457	838.185706284242	25.9041940131995	4368.55729036886	200.757503602296	1569.97918715713	142.473067072597	435.745549293464	83.2634807567128	375.610813191393	1.8502995723714	1184.19172631769	1447.85941538062	2.77544935855709	951.053980198897	914.047988751469	168.377261085797	80.4880313981557	177.628758947654	175.778459375283	15.7275463651569	6.15642742080986	27.7039233936444	4.10428494720657	2.77544935855709	1.02607123680164
7	0	118.638590382169	2387.74561031297	392.774362333199	641.569852843378	4628.05685587916	388.167038434863	603.559430682101	401.989010129873	217.696054196407	10.3664787712575	17.6114802286179	351.308447248169	2643.45208667065	99.0574638142379	2452.24814488968	12.9150855009865	4.60732389833665	58.7433797037923	1344.18674733972	460.732389833665	879.9988645823	25.3402814408516	11.7409868190786	3.52229604572359	3357.58729091283	1.15183097458416	4270.98925375807	56.4397177546239	1026.28139835449	95.6019708904855	526.386755384962	3803.3458780769	608.166754580438	767.119429073052	525.234924410378	224.607040043912	325.968165807318	649.632669665467	167.015491314703	1359.16055000931	142.827040848436	579.370980215834	777.253327423005	41.0934538667752	8.06281682208913	0	10.5668881371708	1227.85181890672	12.6701407204258	44.9214080087823	3037.37827997844	78.324506271723	62.1988726275448	3251.61884125109	714.135204242181	478.009854452427	2311.72476599041	952.564215981102	1482.40646428982	126.701407204258	57.5308354134853	17.2774646187624	756.752950301794	263.769293179773	513.716614664536	1060.83632759201	207.329575425149	5220.09797681542	181.989293984298	2834.65602845162	5.75915487292081	5.75915487292081	93.2983089413171	23.0366194916832	7664.28330488301	2254.13321726121	3765.33545591563	941.04590623526	198.114927628476	32.2512672883565	224.607040043912	3311.51405192947	6.91098584750497	548.271543902061	80.6281682208914	51.660342003946	97.4501905983526	15.2632828648022	5.87049340953932	168.167322289288	352.460278222754	1871.72533369926	309.84253216314	16.1256336441783	885.758019455221	8313.91597454848	1597.58956174823	115.183097458416	1393.71547924684	1472.03998551856	42.617746059614	1914.34307975888	1629.84082903659	739.475485683032	96.7538018650696	130.15690012801	616.229571402527	55.2878867800398	229.214363942248	337.486475553159	495.28731907119	352.460278222754	42.2675525486831	329.92172961611	2.30366194916832	1.17409868190786	0	5266.17121579879	483.769009325348	388.167038434863	38.0104221612773	26.4921124154357	1376.43801462807	25.3402814408516	1032.04055322741	669.213796233398	107.120280636327	145.130702797604	58.7433797037923	891.517174328141	360.523095044843	13.8219716950099	29.9476053391882	1230.15548085589	489.528164198269	11757.8905885551	815.496330005587	3780.30925858522	808.585344158082	251.099152459347	69.1098584750497	69.1098584750497	775.182245895141	106.842980053616	9.39278945526291	7.04459209144718	9.39278945526291	8.21869077335504	9.39278945526291	4.69639472763145	3.52229604572359	0	0	125.549576229674	70.2616894496339	769.42309102222	191.203941780971	155.497181568862	4440.30840702194	457.276896909912	0	4.60732389833665	124.39774525509	542.51238902914	678.428444030071	2244.91856946453	626.596050173784	8.06281682208913	5649.73093033531	46.0732389833665	1375.28618365349	46.0732389833665	1250.8884383984	94.4501399159013	243.036335637258	12.6701407204258	408.899995977378	1093.08759488037	23.0366194916832	841.988442421022	681.883936953824	117.486759407585	35.706760212109	162.408167416367	387.015207460278	272.983940976446	4.69639472763145	29.3524670476966	15.2632828648022	3.45549292375249	3.52229604572359
8	0	174.170222149763	1771.12286713104	358.931876727552	631.955468205559	4863.82113611467	483.675414213194	134.158144088331	506.035104894582	154.164183119047	10.5914324280261	25.1840658458755	333.041708570155	2833.79658740966	227.127384289894	2554.88886680497	5.4747969230164	16.4755615547073	30.5974714587422	373.053786631587	577.821480240092	1114.45405659342	32.9511231094146	21.8991876920656	3.28487815380984	2494.87074971282	1.17682582533624	3787.02550593201	47.0730330134495	948.521615221007	71.7863753455105	633.132294030896	2380.71864465521	468.376678483822	1008.53973231316	444.840161977098	262.432159049981	317.742972840784	544.870357130678	255.371204097963	1236.84394242839	235.365165067247	868.497459098143	895.676776605484	66.7925224608001	5.88412912668119	2.35365165067247	20.8042283074623	1601.65994828262	49.426684664122	94.146066026899	2666.68732021191	136.511795739004	196.529912831152	3910.59221759232	903.80223385823	394.236651487639	1602.83677410796	773.174567245908	1924.11022442475	107.091150105598	173.003582767318	1.17682582533624	626.071339078878	310.682017888767	546.047182956014	628.424990729551	169.462918848418	1721.69618246691	192.999435355143	1698.15966596019	123.566711660305	387.175696535622	329.511231094146	30.5974714587422	8954.46770498343	1561.64787022119	3794.08646088403	1246.25854903108	273.023591478007	29.4206456334059	275.377243128679	1915.87244364739	16.4755615547073	451.901116929115	124.743537485641	65.6975630761969	137.964882460013	15.3294313844459	3.28487815380984	289.499153032714	541.339879654669	1300.39253699654	384.82204488495	10.5914324280261	1027.36894551854	5120.36916603797	2050.03058773573	102.383846804253	828.485381036711	1862.91528150726	202.414041957833	1909.98831452071	1869.97623645928	1731.1107890696	94.146066026899	207.121345259178	711.979624328423	130.627666612322	168.286093023082	367.169657504906	429.541426247727	152.987357293711	105.116100921915	361.336596919083	20.006039030716	13.1395126152394	7.06095495201742	3457.51427483786	335.395360220828	453.077942754451	124.743537485641	9.4146066026899	1073.26515270665	60.0181170921481	1166.23439290821	595.473867620136	103.560672629589	155.341008944383	40.0120780614321	1194.47821271628	353.047747600871	10.5914324280261	136.511795739004	362.462354203561	584.88243519211	17907.7585841415	1192.12456106561	3293.93548511613	953.228918522352	273.023591478007	180.054351276444	125.920363310977	848.491420067427	163.148948305889	5.4747969230164	13.1395126152394	2.18991876920656	3.28487815380984	39.4185378457181	3.28487815380984	2.18991876920656	0	0	167.109267197746	69.432723694838	691.973585297707	429.541426247727	162.401963896401	2983.25346722736	330.688056919483	1.17682582533624	10.5914324280261	85.9082852495453	518.980188973281	524.864318099962	1270.97189136314	643.723726458922	16.4755615547073	3405.73393852307	107.091150105598	1259.20363310977	55.3108137908031	993.240996583784	107.091150105598	295.383282159396	15.2987357293711	715.510101804432	969.704480077059	12.9450840786986	315.389321190112	684.91263034569	152.987357293711	55.3108137908031	174.170222149763	167.109267197746	420.126819645037	6.56975630761969	13.1395126152394	24.0891064612722	0	6.56975630761969
9	0	331.487379744196	3579.68807814412	832.005151425942	716.501050268616	4021.04521264772	459.199231430345	265.753338435148	446.991480901522	184.994373398319	41.3185402514012	32.8613774938904	370.927804529624	2481.92958828303	622.595276969977	3535.55236469376	2.81668949947632	0.93905773298639	116.443158890312	1099.63660532706	591.606371781426	793.5037843735	83.5761382357887	6.57227549877809	2.81668949947632	5533.8672204888	5.63434639791834	5208.95324487551	72.307445439952	255.423703372298	135.22431355004	719.318223467575	1625.50893579944	864.872172080465	1029.20727535308	437.600903571658	342.756072540032	42.2575979843876	1152.2238383743	496.7615407498	2416.19554697398	185.933431131305	971.924753640914	698.538995870128	40.372549492494	4.69528866493195	9.3905773298639	1.87779299965088	3446.34188006005	112.686927958367	83.5761382357887	1286.50909419135	261.997107503203	291.107897225781	1494.04085318135	871.44557621137	426.332210775821	1866.84677317694	924.971866991594	1252.70301580384	105.174466094476	53.5171004900501	0.93905773298639	944.692079384308	283.59543536189	562.495582058848	873.323691677343	530.56761913731	1267.72793953163	28.1717319895917	2090.3425136277	13.1468082618095	104.235408361489	31.9279629215373	20.6592701257006	22527.9950143435	1501.55331504524	2556.11514918895	1212.32353328543	303.315647754604	89.2104846337071	167.152276471577	2926.10389598559	86.3933114347479	490.188136618896	381.257439592474	98.5841324816713	78.867305985337	226.274056457931	1.87779299965088	544.653485132106	1635.83857086229	2421.8298933719	223.495740450761	3.75623093194556	969.107580441955	2915.77426092274	1118.41775998679	159.639814607686	1140.95514557846	2683.8270008751	85.4542537017615	2188.94357559128	2074.37853216694	1695.93826577342	672.365336818255	897.739192734989	887.409557672139	145.55394861289	464.833577828263	807.589650368295	585.032967650521	392.526132388311	24.4113089954615	16.9001369968579	31.9279629215373	4.6944824991272	3.75623093194556	3406.90145527462	344.634188006005	395.34330558727	373.744977728583	2.81717319895917	1380.41486748999	138.041486748999	939.996790719376	516.481753142515	92.9667155656526	107.991639293435	101.41823516253	1274.30134366253	493.005309817855	9.3905773298639	266.692396168135	588.789198582467	845.151959687751	13777.8550583763	1186.9689744948	2158.89372813571	993.523081499601	514.603637676542	321.157744681345	361.53722719976	1712.84130496718	145.528957472943	7.51117199860353	1.87779299965088	1.87779299965088	2.81668949947632	0	1.87779299965088	5.63337899895264	0	0.93905773298639	229.130086848679	93.905773298639	893.982961803043	467.650751027222	202.83647032506	7933.15972826902	520.23798407446	1.87811546597278	58.2215794451562	126.772793953163	453.564885032426	366.232515864692	2663.1677307494	741.855609059248	58.2215794451562	4345.02013052803	273.26580029904	1719.41470909808	244.155010576461	856.420652483588	157.761699141714	413.185402514012	21.598327858687	1069.5867578715	1679.97428431265	3.75623093194556	155.883583675741	1042.35408361489	318.340571482386	65.7340413090473	473.285097425141	245.094068309448	1213.26259101842	8.45006849842897	36.6169634931922	9.38896499825441	2.81717319895917	1.87779299965088
10	0	402.787458539949	1601.19329024083	498.732336304521	558.471599818311	3267.55668613307	947.681953014216	163.830404484788	923.243163394938	60.6444038700597	28.059351044356	56.8628386949157	388.305212839636	2894.63885935001	503.258038085868	2725.37761272761	0	3.62056142507819	20.8182281941996	394.641195333523	780.23098710435	1079.83244502957	44.3518774572078	35.4227519738819	0	4017.91804148052	10.8616842752346	6543.25963547256	41.6364563883992	151.158439497014	200.03601873557	1855.53773035257	677.950126845891	659.8473197205	2544.3495414737	311.368282556724	377.443528564401	100.47057954592	1452.75027181262	347.573896807506	3334.53707249701	291.455194718794	973.931023346033	254.484507601836	8.38959915170888	4.52570178134774	1.81028071253909	4.66088841761604	2625.81217353796	108.616842752346	113.142544533693	2196.77564466619	152.063579853284	443.518774572078	2214.87845179158	892.468391281774	619.11600368837	1031.86000614728	987.508128690076	902.424935200739	238.95705405516	119.318743490971	480.62952917913	1047.24739220387	610.064600125675	604.633757988058	826.393145274097	597.392635137901	1058.1090764791	40.7313160321296	1730.62836118737	181.933211610179	19.0079474816605	154.779000922093	11.7668246315041	10066.9710424299	1358.61567476059	3343.58847605971	838.159969905601	355.720160013932	59.7392635137901	365.676703932897	4130.15544565794	76.9369302829115	510.499160936025	419.98512530907	17.711375986941	96.9464790864137	77.3707477324263	0.932177683523209	622.736565113448	2561.54720824282	2208.5424692977	400.977177827409	8.14626320642592	849.021654180835	2356.9854877259	978.456725127381	120.38366738385	1015.56747973443	1389.39044687376	106.806562039807	1779.50594042593	4379.06904363207	2339.78782095678	185.553773035257	624.546845825988	629.072547607335	165.640685197327	373.822967139323	1674.50965909866	611.874880838214	394.641195333523	8.38959915170888	54.0663056443461	2.71542106880864	16.7791983034178	9.95654391896502	4217.95406021609	219.9491065735	949.492233726755	401.882318183679	8.14626320642592	794.713232804662	160.20984305971	1080.73758538584	209.087422298265	188.269194104066	105.901421683537	68.7906670764856	2639.389278882	422.700546377879	9.05140356269547	190.984615172874	240.7673347677	1026.42916400967	13779.8567838476	3379.79409031049	1912.56157279755	785.661829241967	127.624790234006	489.680932741825	240.7673347677	1000.18009367785	272.195883588777	12.1183098858017	4.66088841761604	0	2.79653305056963	1.86435536704642	1.86435536704642	5.59306610113925	0	11.7668246315041	468.862704547625	121.288807740119	826.393145274097	351.194458232584	244.387896192778	5997.46000064202	433.562230653113	1.81028071253909	63.3598249388683	33.4901931819732	507.783739867216	514.119722361103	2146.99292507137	1471.75821929428	47.0672985260165	2280.04855744299	259.77528224936	1259.05023557094	208.182281941996	527.696827705146	92.3243163394938	624.546845825988	1.81028071253909	1152.24367353113	1209.26751597612	13.5771053440432	433.562230653113	775.705285323002	324.945387900767	41.6364563883992	355.720160013932	233.526211917543	137.581334152971	3.72871073409283	13.0504875693249	9.32177683523208	18.1028071253909	12.1183098858017
11	1	27.7827057325592	686.850225054936	211.457260297812	571.860692995177	3295.33759661188	768.654858600805	80.26114989406	941.525027603396	117.304757537472	270.881380892452	34.0492158929618	524.012699789103	3358.62042633605	1164.55841528977	4842.67995755025	0	16.9783201698973	16.2065783439929	199.881132909245	1619.11435074748	1487.91824034373	181.359329087539	24.445590897511	17.461136355365	9218.45611042833	604.273849683163	9659.89243484566	23.1522547771327	270.881380892452	165.924492569451	3176.4893554226	1061.14501061858	1643.81008917642	1724.84298089638	262.392220807504	487.740833971595	92.6090191085307	3959.80730871559	546.393212740331	3807.77416901242	365.033883652792	838.111622932203	472.323738412623	1.7461136355365	0.771741825904423	7.71741825904423	0	4868.1474378051	342.653370701564	236.924740552658	1136.00396773131	306.381504884056	992.459988113088	1511.07049512086	1500.2661095582	676.817581318179	919.144514652167	1271.83052909049	1735.64736645905	440.664582591425	192.945556726783	0.771741825904423	2515.87835244842	806.470208070122	335.707694268424	472.305997453507	902.937936308174	3043.74976136704	25.4674802548459	1125.19958216865	385.870912952211	3445.05551083734	97.2394700639573	13.8913528662796	2061.32241699071	1461.67901826298	2005.75700552559	3503.70788960608	480.795157538455	158.207074310407	1616.02738344386	3324.66378599625	132.739594055561	784.861436944798	514.75179787825	23.5725340797428	130.958522665238	5.2383409066095	0	415.968844162484	15478.825802165	2224.93168408245	703.056803398929	10.0326437367575	852.774717624387	3140.989231431	601.186882379545	139.6852704887	751.676538430908	1768.83226497294	43.2175422506477	1148.35183694578	5164.4962989524	4976.96303525762	47.0762513801698	2038.94190403948	1143.72138599035	227.663838641805	383.555687474498	2188.65981826494	1112.07997112827	517.067023355963	8.7305681776825	208.660579446612	0	1.7461136355365	8.48916008494865	2002.67003822198	209.913776646003	1179.99325180786	522.469216137294	5.40219278133096	683.763257751318	307.924988535865	2419.41062421036	456.099419109514	324.903308705762	152.033139703171	115.761273885663	2639.35704459313	1323.53723142608	7.71741825904423	814.187626329166	608.904300638589	1434.66805435632	10450.1560645718	2135.40963227754	1665.41886030174	1011.7535337607	108.815597452524	590.382496816883	723.893832698348	1411.51579957919	297.712374858973	1.7461136355365	0.87305681776825	0	2.61917045330475	0	0	0	1.7461136355365	139.6852704887	486.197350319786	234.609515074944	1323.53723142608	926.090191085307	390.501363907638	1727.9299482	561.82804925842	10.0326437367575	80.26114989406	54.793669639214	381.240461996785	733.154734609201	1291.1240747381	1594.41861231854	89.522051804913	3698.9585715599	430.631938854668	997.090439068514	374.294785563645	325.675050531666	157.435332484502	558.741081954802	10.8043855626619	1399.93967219062	267.02267176293	3.85870912952211	185.218038217061	500.86044501197	534.817085351765	155.891848832693	764.024407645378	376.610011041358	50.9349605096919	26.1917045330475	29.6839318041205	9.60362499545075	138.141786836892	0
12	1	7.57516956822465	1319.76287588625	297.956669683503	257.555765319638	3279.20673753369	1003.28912503598	37.0341623335428	658.198066927964	33.6674203032207	215.471489940612	128.039068605784	438.518149449449	3851.55288268845	1016.75609315726	3689.94926523299	0.836856657554146	58.0763000230557	11.7835971061272	152.345076872074	898.920122095992	1701.04641082022	58.9179855306362	51.885112768357	6.69485326043316	7773.80734801366	60.6013565457972	6604.70617798432	29.4589927653181	53.0261869775726	208.738005879968	1153.95083089289	2031.82881529937	1169.94285553692	1451.06581506881	190.220924713197	343.407687092851	92.5854058338569	3007.34231858519	541.203781374272	3088.9858128205	348.457800138334	1232.22758309788	271.978413705097	7.53170991798731	0	5.89179855306362	2.51056997266244	1568.90178613008	159.078560932718	124.569455121917	647.256155329418	208.738005879968	426.734552343322	2349.14425165722	1397.19794258366	501.644562517988	621.163904594422	1094.19115985467	311.423637804791	272.706104456088	164.023904880613	0	1679.16258762313	557.195806018302	155.711818902396	346.774429123173	467.135456707187	703.649084337312	5.89179855306362	1529.3425672738	978.880245316141	276.07284648641	195.27103775868	10.9419115985467	3700.89117683153	1294.51231065884	2237.20007914901	1294.51231065884	322.365549403338	58.0763000230557	766.775497405851	3424.81833034512	81.6434942353102	668.298293018931	421.684439297839	26.7794130417327	114.649362084918	38.4954062474907	1.67371331510829	545.412208912175	3419.76821729964	1933.35161091245	394.750503055263	7.57516956822465	726.374593041986	2000.68645151889	529.420184268145	119.519342076433	919.962259785505	1191.82667873401	155.711818902396	1525.97582524348	3248.06437375322	1844.13294710891	115.310914538531	879.56135542164	1607.61931947879	133.827995705302	396.433874070424	1426.65693534898	619.480533579261	625.372332132324	4.18428328777073	51.885112768357	10.1002260909662	1.67371331510829	5.89179855306362	3463.53586369383	129.6195681674	521.00332919234	506.694675563471	4.20842753790259	701.124027814571	191.904295728358	3338.12472306433	132.144624690141	285.331387069795	190.220924713197	165.812044993362	2574.7159676888	760.883698852787	2.52505652274155	391.38376102494	85.0102362656322	2318.00188787674	4939.85224399006	2152.18984288338	1256.63646281771	900.603493111153	189.379239205616	299.640040698664	152.345076872074	1170.7845410445	305.452680007263	12.5528498633122	2.51056997266244	0	0.836856657554146	0.836856657554146	0	0	4.18428328777073	1.68337101516103	552.9873784804	134.669681212883	914.070461232442	909.020348186958	258.397450827219	2455.19662561237	472.18556975267	4.20842753790259	30.3006782728986	97.63551887934	282.806330547054	1188.45993670369	1112.70824102144	903.128549633895	59.7596710382167	3913.8376102494	198.637779789002	964.571591687273	150.661705856913	994.030584452591	168.337101516103	470.502198737509	0	1362.68883677286	578.237943707815	37.8758478411233	139.719794258366	887.136524989865	376.233421888491	81.6434942353102	334.990832017046	422.52612480542	21.8838231970934	34.31112295972	15.0634198359746	5.85799660287902	13.4669681212883	0
13	1	16.2049822261037	806.837536099688	197.871361918739	238.810264384686	3179.58809152181	809.396217503809	35.8215396577028	1057.58831370361	22.1752388357208	166.314291267906	56.9593768239906	405.977449453965	2951.86544655499	1318.57381692401	4458.07589978126	0	21.3223450343469	5.97025660961714	127.934070206082	799.161491887323	1146.28926904649	84.4364863360138	263.91177928449	24.6823966237293	8326.80218281316	3026.92010107589	5973.66818482263	49.4678404796849	74.2017607195273	163.755609863784	1783.40093867278	607.2603865782	1002.15021661431	2229.46439679131	187.636636302253	421.329537878695	5.11736280824326	2348.86952898366	1195.75710952618	6464.93501441399	256.721034213537	1039.67754387476	157.587609213041	0	1.70578760274775	6.82315041099102	0	11869.7230337202	144.991946233559	148.403521439055	416.212175070452	361.626971782524	739.458925791151	1674.23053209692	1293.83989668417	542.440457673786	713.872111749935	1230.7257553825	350.539352364663	384.655104419619	185.117974677969	0	1179.55212730007	1141.17190623825	117.699344589595	531.352838255925	1083.17512774482	1236.69601199212	12.7934070206082	1488.29968339742	2711.34939456756	1023.47256164865	137.315902021194	15.3520884247298	1528.38569206199	1248.63652521136	2117.73530881134	2138.20476004431	481.88499777624	173.990335480271	391.47825483061	3972.77932679952	106.611725171735	586.790935345227	429.858475892434	9.4932294706651	74.9965128182543	0	1.89864589413302	582.526466338358	1851.63244278269	2311.34220172321	421.329537878695	5.97025660961714	970.593145963472	1754.40254942606	293.395467672614	202.135830925609	923.683986887909	1363.77718839683	111.729087979978	1159.93556986847	3930.13463673083	2168.90893689377	17.9107698288514	1758.66701843293	1187.22817151244	201.282937124235	586.790935345227	1913.89369028298	959.505526545612	695.10844811971	0	49.3647932474585	1.70578760274775	3.79729178826604	23.8810264384686	1285.31095867043	156.07956565142	693.402660516962	756.516801818629	4.26446900686939	548.410714283403	278.896273049258	1703.22892134363	214.929237946217	322.393856919326	103.200149966239	59.7025660961714	2282.34381247649	1254.60678182097	3.41157520549551	339.451732946803	98.9356809593697	1625.61558541861	10889.7480559417	1636.70320483647	2233.72886579818	1292.13410908142	104.053043767613	326.658325926195	365.891440789393	2011.1235836396	420.550065550464	0.94932294706651	2.84796884119953	0	0	0.94932294706651	0	0.94932294706651	13.2905212589311	475.914741166623	237.104476781938	135.610114418446	1355.24825038309	84.4364863360138	379.537741611375	1338.19037435561	370.155909796263	7.67604421236489	72.4959731167795	75.907548322275	373.567485001758	447.769245721285	1228.16707397838	1704.93470894638	86.9951677401355	2213.25941456521	223.458175959956	844.364863360138	243.927627192929	232.840007775068	266.10286602865	436.681626303425	6.82315041099102	1254.60678182097	725.812624969169	857.158270380746	271.220228836893	725.812624969169	523.67679404356	114.2877693841	656.728227057885	345.42198955642	32.4099644522073	15.1891671530642	22.7837507295962	2.84796884119953	5.11736280824326	1.89864589413302
14	1	46.6703511750413	1057.13772196489	298.47317611945	632.763133373234	3625.09239359623	1273.12376577496	26.0485680976975	1086.4423610748	87.9139173297289	20.6217830773438	71.6379387488418	447.16708567714	3922.48021271161	1914.56975518076	4038.61341214718	1.06922296640062	10.8535700407073	4.34142801628291	758.664545845439	605.629208271466	1323.05018796222	48.8410651831827	13.8998985632081	24.5921282272144	7621.37688258465	11.938927044778	5660.13677622885	37.9874951424755	122.645341459992	219.242114822287	2011.16652854306	867.200246252512	873.712388276936	1648.65728918344	176.913191663529	679.433484548276	93.3407023500826	2221.72578733278	1041.9427239079	2772.00178839664	358.16781134334	1723.54692246432	480.08111191388	23.5229052608137	0	9.76821303663655	0	3958.29699384594	160.632836602468	177.998548667599	1156.9905663394	210.559258789721	815.103110057117	2203.27471826358	1161.33199435568	430.886730616079	1238.3923416447	1837.50940789174	746.725618800661	444.996371668998	120.822195203271	0	1196.06341848594	416.77708956316	456.935298713776	594.775638230759	757.579188841368	1736.57120651316	9.76821303663655	1327.3916159785	156.291408586185	33.6460671261926	889.992743337997	7.59749902849509	15740.9326300378	1057.13772196489	2468.10182725683	1528.18266173158	313.66817417644	154.120694578043	2043.72723866518	8733.86781175715	133.4989115007	722.847764711105	609.970636287749	35.2843578912206	184.975573187308	4.2768918656025	0	525.312789970232	522.05671895802	2143.58008303969	531.824931994657	3.25607101221218	894.33417135428	1752.85156157423	1023.4916548387	443.911014664928	800.993469004197	1334.989115007	369.021381384047	1264.4409097424	2669.97823001399	4859.14330722465	607.799922279608	645.787417422083	1185.20984844523	185.596047696094	492.75207984811	1315.45268893372	909.52916941127	792.310612971631	4.2768918656025	114.406857404867	1.08535700407073	2.13844593280125	2.17071400814146	2416.00469106144	175.827834659458	647.958131430225	399.411377498028	4.34142801628291	1955.81332133545	107.450343403002	1750.68084756608	250.717467940338	275.680679033965	185.596047696094	112.877128423356	1726.80299347653	431.97208762015	9.76821303663655	200.791045753085	116.133199435568	982.248088684009	4875.42366228571	1800.60726975334	2392.12683697188	1074.50343403002	188.852118708307	390.728521465462	285.448892070601	1725.71763647246	205.29080954892	4.2768918656025	4.2768918656025	0	0	0	0	2.13844593280125	0	28.2192821058389	390.728521465462	119.38927044778	840.066321150743	612.14135029589	283.27817806246	2921.7810549584	655.55563045872	2.17071400814146	90.0846313378704	96.5967733622948	315.838888184582	846.578463175168	2178.31150716995	1676.87657128927	69.4628482605266	3479.65455505075	484.069223815545	943.175236537463	289.790320086884	473.215653774837	180.169262675741	450.423156689352	3.25607101221218	1326.30625897443	613.226707299961	16.2803550610609	198.620331744943	564.385642116779	386.387093449179	56.4385642116778	238.77854089556	363.594596363694	17.3657120651316	7.48456076480437	24.5921282272144	11.7614526304069	90.0846313378704	0
15	1	39.7785577523371	1204.54445193796	375.410138787681	440.050295135229	3575.09787799129	1577.46843086612	37.292397892816	599.164526144577	19.8892788761685	48.4801172606608	108.830397628897	642.672323686195	3731.72594914112	520.850490569663	4445.25382882367	0	29.8339183142528	21.1323588059291	195.163548972404	844.051272307402	1202.05829207844	90.7448348725189	44.4205704607744	7.77359983063553	5210.99106555615	37.292397892816	8511.36827907037	31.0769982440133	151.655751430785	146.683431711743	1111.31345720592	1090.18109839999	911.177588514471	1336.31092449257	310.769982440133	498.475051833974	26.1046785249712	974.574664932258	387.840938085286	2565.71697502574	299.582263072288	1229.40605053317	260.97085145705	23.3207994919066	2.48615985952107	24.8615985952107	2.22102852303872	2685.05264828275	171.545030306954	139.22495213318	876.371350481176	176.517350025996	708.555559963504	1361.17252308778	1056.61794029645	663.804682492124	829.134313150275	1307.72008610808	232.45594686522	108.147953889166	101.056797798262	0	1855.91833513248	411.459456750736	313.256142299654	196.406628902164	573.059847619606	580.518327198169	21.1323588059291	1885.75225344673	811.731194133628	6.21539964880266	101.932554240364	14.9169591571264	6851.85657284006	1368.63100266635	1992.65712740613	1323.88012519497	356.763939841273	79.5571155046741	2779.52672294455	3522.88852094135	190.191229253362	1003.16550331675	678.721641649251	7.77359983063553	107.719883367378	2.22102852303872	0	1069.04873959406	927.337627601357	1918.0723316205	513.3920109911	16.1600390868869	766.980316662249	2575.66161446382	224.997467286656	170.301950377193	812.974274063388	1241.83684983077	135.495712343898	1849.70293548367	3361.28813007248	3310.3218529523	22.3754387356896	1003.16550331675	1080.2364589619	176.517350025996	241.157506373543	1003.16550331675	2016.27564607158	216.295907778333	24.4313137534259	7.77359983063553	1.24307992976053	0	3.7292397892816	2530.91073699244	212.566667989051	857.725151534768	302.068422931809	8.70155950832373	942.254586758484	323.200781737739	977.060824791779	232.45594686522	135.495712343898	233.69902679498	84.5294352237162	2120.69436017147	591.706046566014	4.97231971904213	331.902341246062	155.384991220067	1121.258096644	10604.7148807871	3519.15928115207	1808.68129780158	739.632558207517	115.60643346773	278.449904266359	254.831385600909	781.897275819375	253.197251626414	3.33154278455808	12.215656876713	0	1.11051426151936	2.22102852303872	4.44205704607745	1.11051426151936	4.44205704607745	2.48615985952107	288.394543704444	111.877193678448	1209.516771657	906.205268795428	284.665303915162	4539.72790348547	856.482071605007	3.7292397892816	34.8062380332949	77.070955645153	479.828852887566	699.85400045518	914.906828303752	1847.21677562415	62.1539964880266	2473.72906022346	563.115208181521	868.912870902612	435.077975416186	308.283822580612	174.031190166475	768.223396592009	1.24307992976053	1337.55400442233	389.084018015047	949.713066337047	625.269204669548	668.777002211167	356.763939841273	103.175634170124	340.603900754386	443.77953492451	53.4524369797029	12.215656876713	9.99462835367425	8.88411409215489	3.7292397892816	4.44205704607745
16	1	77.3733384961269	1258.67895722573	261.543679423528	471.868388293281	3449.10727239777	644.051310580437	126.412778388038	530.715716163575	17.4362452949018	46.8599092300487	94.56855198687	283.338986042155	2586.01313030013	403.213172444605	2897.6860149465	2.01209685078447	9.80788797838229	22.8850719495587	261.543679423528	775.912915623132	992.776216478474	51.2189705537742	99.5987941138312	6.03629055235341	3545.00662151973	8.71812264745092	7487.77758882941	18.5260106258332	129.682074380832	171.093156956224	2227.48033642371	903.415459342102	557.959849436859	1480.99108473573	251.735791445145	256.094852768871	13.0771839711764	535.0747774873	272.441332732841	3817.44795425257	287.69804736588	1059.25190166529	365.195578417381	2.01209685078447	3.2692959927941	5.44882665465683	1.00604842539223	2014.97609689209	151.47738099946	142.759258352009	433.726601710683	181.990810265538	343.27607924338	1526.76122863484	1290.28215182274	604.819758666908	855.465784781122	1313.1672237723	152.567146330391	177.631748941813	125.756053174029	3.2692959927941	1022.19988041362	884.889448716268	467.509326969556	395.584815128086	604.819758666908	952.454899234013	22.8850719495587	2436.71527996253	32.692959927941	1920.16651310107	249.556260783283	7.62835731651956	1437.40047149847	1551.82583124626	2581.6540689764	729.053006393083	393.405284466223	50.1292052228428	859.824846104847	4798.2367520908	75.1938078342642	464.240030976762	222.312127509998	15.0907263808835	219.318556735507	13.078629530099	1.00604842539223	624.435534623672	1174.76702674401	2243.82681638768	464.240030976762	4.35906132372546	809.695640882004	1827.5364599719	1025.46917640641	150.387615668528	491.484164250046	2037.86116884165	281.159455380292	1686.95673228175	2897.6860149465	3045.89409995317	15.2567146330391	312.762649977302	847.837427464602	154.746676992254	307.313823322645	1581.24949518141	384.687161818772	651.679667896956	10.0604842539223	6.03629055235341	0	14.0846779554913	52.3087358847055	1840.61364394308	187.439636920195	562.318910760584	259.364148761665	7.62835731651956	548.151961458477	104.617471769411	1070.1495549746	227.760954164655	111.156063754999	319.30124196289	49.0394398919114	1300.09003980112	571.037033408035	4.35906132372546	56.667797208431	180.901044934607	562.318910760584	11489.3958840094	1445.02882881499	1289.1923864918	896.876867356513	103.52770643848	216.863300855342	197.247524898577	1846.06247059773	258.554445325804	13.078629530099	1.00604842539223	0	2.01209685078447	0	2.01209685078447	5.03024212696117	0	22.8850719495587	278.979924718429	123.143482395244	833.670478162494	701.808873119799	265.902740747253	3358.65674993047	457.701438991173	3.2692959927941	21.7953066186273	92.630053129166	684.372627824897	477.317214947938	1690.22602827455	1249.96083457828	28.3338986042155	2345.1749921643	330.198895272204	1090.8550962623	125.323013057107	771.553854299407	98.0788797838229	624.435534623672	2.17953066186273	895.787102025582	690.911219810485	292.057108689606	201.606586222303	654.94896388975	212.504239531616	45.7701438991173	229.940484826518	251.735791445145	52.3087358847055	29.1754043363748	2.01209685078447	15.0907263808835	6.53859198558819	0
17	1	32.1282807387521	1334.70057697559	227.651817806015	339.641824952522	2920.00174371344	772.914639486551	38.5539368865025	693.970863957046	55.9950035732537	62.4206597210041	79.8180773215546	469.990849664031	3303.70521082197	309.34944597027	4698.07259488381	0	22.9487719562515	28.4564772257519	268.041656449018	1222.71056982908	1020.76137661407	37.6359860082525	50.118327620511	10.2092889597337	8115.60371460878	106.482301877007	6406.37917930717	46.8154947907531	285.482723135769	136.774680859259	2593.21123105642	673.775944635544	1060.23326437882	1584.3832158596	304.75969157902	298.33403543127	42.2257403995028	2130.56398841839	434.190765412279	2551.90344153517	266.205754692517	759.1453763128	303.494317257539	5.56870306894567	1.83590175650012	4.5897543912503	0.928117178157612	4223.49199082853	64.2565614775042	81.6976281642554	934.473994058561	336.887972317772	238.667228345016	2122.30243051414	1449.44443675685	537.001263776285	622.370695453541	998.730555536066	832.581446572805	339.641824952522	188.407787165995	0	2206.75391131315	656.334877948793	172.574765111011	380.031663595525	334.134119683022	919.78678000656	14.687214052001	1650.47567909361	601.25782525379	1853.34282318687	231.323621319015	15.605164930251	4195.95346448103	1133.66933463882	2620.74975740392	1459.5418964176	304.75969157902	98.2207439727565	969.356127432064	4083.04550645627	53.2411509385035	632.468155114292	209.292800241014	0	127.152053407593	5.56870306894567	0.928117178157612	476.416505811781	1476.0650122261	2033.26119532388	322.200758265771	7.34360702600048	856.448169407306	1914.84553202963	373.606007447775	222.144112536515	839.925053598805	1684.43986158886	126.677221198508	1466.8855034436	4422.68733140879	2676.74476097718	21.1128701997514	660.924632340043	1047.38195208332	179.918372137012	481.924211081282	2241.63604468665	660.006681461793	1131.83343288232	12.065523316049	228.316825826772	2.75385263475018	2.78435153447284	1.83590175650012	2176.46153233089	170.738863354511	521.396098846034	328.626414413522	13.7692631737509	594.832169106039	108.318203633507	1645.88592470236	402.062484673526	220.308210780014	211.128701997514	136.774680859259	1603.66018430286	1220.87466807258	10.0974596607507	379.113712717275	161.559354572011	1055.64350998757	6437.58950916767	1281.45942603708	1586.2191176161	868.381530824557	321.282807387521	226.733866927765	215.718456388764	1463.2136999306	158.708037464952	1.85623435631522	1.85623435631522	0	0	0	0	0	0	2.75385263475018	575.555200662788	197.359438823763	1169.46941889058	714.165783278547	265.287803814267	2288.4515394774	679.283649905045	2.75385263475018	35.8000842517524	64.2565614775042	465.401095272781	732.524800843548	1413.64435250509	956.504815136563	36.7180351300024	2220.5231744869	98.2207439727565	1479.7368157391	108.318203633507	416.749698725527	604.92962876679	559.950035732537	4.5897543912503	919.78678000656	927.130387032561	32.1282807387521	339.641824952522	703.150372739546	201.949193215013	50.4872983037533	223.062063414765	321.282807387521	26.6205754692518	30.6278668792012	20.4185779194675	1.85623435631522	6.42565614775042	0.928117178157612
18	1	25.3833460329569	2105.76008131739	153.357715615782	372.289075150035	3988.35824542836	590.162795266249	236.911229640931	749.86634739027	14.8069518525582	67.6889227545518	76.2819279578733	560.548891561132	3242.72245571025	906.396981260171	5087.24560077179	0	23.2680671968772	42.3055767215949	153.357715615782	937.068524383327	1049.17830269555	51.8243314839537	29.894269064572	0	8761.4849390423	4.23055767215949	7789.51431386366	23.2680671968772	67.6889227545518	184.029258738938	1646.74457388808	924.376851366849	992.0657741214	1545.21118975625	234.795950804852	249.60290265741	281.332085198606	1274.45549873805	295.081397633124	2481.22207472154	263.352215091928	706.503131250635	114.42289193681	22.6784110145029	0	19.0375095247177	5.15418432147793	4982.53929838584	28.5562642870766	65.5736439184721	1053.40886036771	297.196676469204	99.418105295748	1608.66955483865	941.299082055486	522.473872511697	2674.77008822284	719.194804267113	144.896600271463	161.8188309601	145.347997865677	0	760.442741570668	379.692551076314	635.641290241963	521.416233093657	248.54526323937	1147.53876857326	21.1527883607974	1600.20843949433	1205.70893656545	509.782199495218	1099.94499476147	9.51875476235885	5019.55667801723	994.18105295748	3563.18719937633	1325.22219080396	271.813330436247	53.9396103200335	1181.38322995054	2249.59904217081	34.9021007953158	710.733688922794	93.0722687875088	45.3568220290057	118.546239393992	2.06167372859117	0	441.035637322627	2013.74545194792	1901.63567363569	271.813330436247	1.05763941803987	821.785827816981	4090.94926897823	1606.55427600257	172.395225140499	640.929487332163	1220.51588841801	408.248815363391	1737.70156383951	2407.18731545875	1733.47100616735	14.8069518525582	249.60290265741	1101.00263417951	100.475744713788	272.870969854287	759.385102152628	502.378723568939	116.340335984386	3.09251059288676	97.9295021080806	4.23055767215949	0	14.8069518525582	2470.64568054114	113.167417730266	614.488501881166	103.648662967907	1.05763941803987	651.505881512561	56.0548891561132	2062.39686517775	339.502253190799	214.700801862094	211.527883607975	105.763941803987	1198.30546063918	429.401603724188	11.6340335984386	389.211305838673	50.7666920659139	946.587279145686	11175.0180910093	906.396981260171	2373.34285408147	911.68517835037	226.334835460533	179.798701066778	89.8993505333892	1527.23131964958	201.013188537639	13.4008792358426	2.06167372859117	6.18502118577351	3.09251059288676	2.06167372859117	0	0	3.09251059288676	3.17291825411962	609.200304790967	99.418105295748	741.405232045951	1147.53876857326	133.262566673024	4558.42589175185	553.145415634853	1.05763941803987	14.8069518525582	115.282696566346	389.211305838673	854.572649776217	1693.28070828184	795.344842365984	3.17291825411962	3383.38849830955	89.8993505333892	1662.60916515868	65.5736439184721	806.978875964423	325.752940756281	418.825209543789	4.23055767215949	892.647668825652	661.02463627492	13.7493124345183	213.643162444054	490.744689970501	114.225057148306	48.6514132298341	189.317455829137	168.16466746834	1.05763941803987	32.9867796574587	16.4933898287294	14.4317161001382	2.11527883607974	0
19	1	19.1247672938052	1255.54097283831	232.365922619734	625.379890507431	3369.78399716848	772.640598669731	85.1052144574333	641.635942707165	30.5996276700884	49.7243949638936	59.9546624306903	466.644321968848	2865.84637897671	247.665736454778	3644.22440783459	1.87358320095907	40.162011316991	26.7746742113273	334.683427641592	713.353820058935	917.032591737961	43.0307264110618	45.9027884234973	3.74716640191815	2925.13315758751	50.6806333285839	4752.5046725106	17.2122905644247	280.177840854247	108.05493521	719.091250247077	1051.86220115929	1053.77467788867	1167.56704328681	414.051211910883	307.908753430264	33.4683427641592	1464.95717470548	542.187152779378	2862.97766388264	271.571695572034	1039.43110241831	534.908003873815	11.2414992057544	5.73743018814157	2.86871509407078	3.74716640191815	1058.55586971212	70.7616389870794	75.5428308105307	2109.46183250672	231.409684255043	317.471137077167	1616.99907469123	910.338923185129	504.893856556458	887.389202432563	2030.09404823743	338.508381100353	285.915271042388	126.466866064737	0.956238364690261	960.063318149023	435.088455934069	270.615457207344	596.692739566723	232.365922619734	2390.59591172565	50.6806333285839	1432.44507030601	15.2998138350442	15.2998138350442	111.879888668761	9.56238364690262	7581.05775526439	1381.76443697743	2406.85196392539	886.432964067872	314.602421983096	94.6675981043359	325.121043994689	4016.2011316991	65.980447163628	617.729983589909	218.97858551407	8.43112440431583	134.897990469053	0	0	368.151770405751	2249.0726337515	2303.57822053884	476.20670561575	10.5186220115929	927.551213749554	5126.39387310449	900.776539538226	89.8864062808846	655.023279812829	1418.10149483566	40.162011316991	1668.63594638451	1739.39758537159	1627.51769670283	55.4618251520352	370.064247135131	795.590319422298	166.385475456105	307.908753430264	788.896650869466	685.622907482918	450.388269769113	24.356581612468	224.829984115089	0.956238364690261	9.36791600479537	7.64990691752209	2204.12943061105	308.864991794954	404.488828263981	229.497207525663	19.1247672938052	728.653633893979	144.391993068229	1129.3175086992	507.762571650529	177.860335832389	133.873371056637	72.6741157164599	1502.2504709284	432.219740839998	4.78119182345131	297.390131418671	570.874303720086	931.376167208315	8831.81753627926	1926.82030485088	2233.77281991645	806.10894143389	280.177840854247	262.965550289822	371.976723864512	1529.02514513973	118.972533260901	0.936791600479537	2.81037480143861	0	2.81037480143861	1.87358320095907	0.936791600479537	0	0.936791600479537	6.69366855283183	460.906891780706	122.398510680353	852.008382939023	278.265364124866	149.173184891681	2536.90038152326	589.999071013891	7.64990691752209	22.9497207525663	79.3677842692917	522.106147120883	655.023279812829	1157.04842127522	1268.92830994398	33.4683427641592	3079.08753430264	153.954376715132	1133.14246215796	158.735568538583	903.645254632297	146.30446979761	497.243949638936	5.73743018814157	925.638737020173	405.445066628671	61.1992553401767	271.571695572034	670.323093647873	200.810056584955	78.4115459046014	235.234637713804	295.477654689291	348.070764747255	8.43112440431583	21.5462068110293	7.49433280383629	12.4310987409734	0.936791600479537
20	1	4.42846824453694	958.320528117793	174.481648834755	281.650580352549	2509.17010735463	821.923706186056	36.3134396052029	850.265902951092	9.74263013798126	22.1423412226847	76.5434024204534	403.876303901769	6008.54571418772	813.066769696982	4388.6120303361	0	56.6843935300728	2.65708094672216	179.7958107282	1187.71518318481	1670.41822183933	72.6268792104058	12.4383028933237	7.65434024204534	10653.1232090581	21.2566475737773	7753.36220253527	37.1991332541103	354.277459562955	201.052458301977	1681.93223927513	994.633967722996	1061.06099139105	1589.82009978876	291.39321049053	427.790032422268	137.282515580645	2060.12342735858	1142.54480709053	1941.44047840499	338.334973882622	1080.54625166701	183.704165809088	28.70377590767	3.54277459562955	41.6276014986472	0	5203.4501873309	371.105638892195	189.538440866181	752.839601571279	239.137285204995	1377.25362405099	1092.94596275172	1027.40463273257	612.900005043912	913.150152023517	3709.28500162414	450.81806729386	415.390321337565	111.944726039913	0	1911.32689434214	853.808677546721	255.965464534235	530.530495695525	681.098416009781	460.560697431842	30.9992777117586	1728.87400266722	239.137285204995	480.931651356711	176.25303613257	0.885693648907387	3472.80479736587	1264.77053063975	2085.8085431769	2527.76967398168	686.412577903225	86.797977592924	1224.02862279001	18013.2374314784	224.080493173569	902.521828236628	460.560697431842	17.222265544602	209.537564125991	0	0	641.242201808948	16811.3511499111	3645.51505890281	490.674281494693	2.65708094672216	812.181076048074	2057.46634641186	868.865469578147	170.053180590218	703.240757232466	1318.7978432231	142.596677474089	1700.53180590218	6321.19557225202	3689.79974134818	2.65708094672216	1356.88267012612	1465.82298894173	269.250869267846	481.817345005619	2196.52024929032	663.384543031633	694.383820743392	38.2717012102267	0.956792530255667	0.885693648907387	0.956792530255667	7.0855491912591	2275.34698404308	211.680782088866	1043.3471184129	504.845379877211	0.885693648907387	562.415467056191	433.98988796462	3465.71924817461	235.594510609365	282.536274001457	226.737574120291	138.168209229552	3631.34396052029	470.303327569823	1.77138729781477	74.3982665082205	224.080493173569	2727.93643863475	8438.00339314068	3310.72285961581	1817.44336755796	1210.7432180564	120.454336251405	993.748274074089	644.784976404578	1976.86822436129	593.211368758514	0	0	0	1.91358506051133	0	0	0	2.870377590767	21.2566475737773	263.936707374401	92.1121394863683	974.263013798126	4057.36260564474	266.593788321124	2671.25204510468	800.667058612278	5.31416189344433	105.397544219979	17.7138729781477	216.99494398231	1026.51893908366	1673.96099643496	1158.48729277086	106.283237868887	2491.45623437648	628.842490724245	860.008533089073	519.016478259729	52.2559252855359	159.42485680333	447.275292698231	0.885693648907387	1604.87689182019	552.67283691821	61.1128617746097	75.2839601571279	426.018645124453	418.933095933194	199.281071004162	358.705927807492	629.728184373153	57.5700871789802	6.69754771178967	6.69754771178967	4.78396265127834	5.31416189344433	0
